matt.compton-adm,admin
mike.ng-adm,admin
aidan.smith01-adm,admin
morgan.connors-adm,admin
matt.compton,user
mike.ng,user
aidan.smith01,user
morgan.connors,user
hannelore.sanokklis,user
aidan.stewart,user
john.reagan,user
benjamin.tyler,user
james.nicholls,user
jeffrey.hill,user
charlotte.croce,user
nilufer.gungor,user
andy.zheng,user
laura.thomas-roy,user
milo.sanokklis,user
eli.gronlund,user
mark.wilkinson,user
ethan.walker,user
riley.pitchard,user
pietro.cervai,user
jack.olmstead,user
samuel.mclamb,user
benjamin.polonsky,user
callie.lair,user
miller.manly,user
aidan.hall,user
christopher.saunders,user
